pdb_id,mutation,chain_id,ddg,ddg_pred
1div,M10K,A,0.05,-0.11210999
1div,A6L,A,-3.1,-1.0111977
1div,Q17E,A,-0.21,-0.278353
1gua,A96C,B,-1.759,-0.8832569
1gua,A66Q,B,-0.504,-0.23753318
2hbb,A14K,A,-0.73,-0.4732063
2hbb,A31F,A,-2.84,-1.2727556
2hbb,G36A,A,-1.55,-1.4594089
1div,I6L,A,-0.13,-0.13962641
1div,A3V,A,-2.55,-1.8781149
1g3p,G138N,A,0.765,0.014172524
1div,Q38E,A,-0.56,-0.19634101
1div,Q48E,A,0.03,-0.14318714
1div,I3V,A,-0.31,-0.44586012
1div,Q54E,A,0.33,-0.23390475
1div,M14K,A,0.01,-0.050432235
1gua,A121L,B,-2.534,-1.8560586
2hbb,G14K,A,-1.3,-0.6952677
2hbb,A3V,A,-2.55,-1.9334044
3bn0,V20I,A,-1.506,-0.47707954
1g3p,I160D,A,-0.932,-0.2891201
1r2y,E244R,A,-4.2,-1.2642016
3g1g,V190I,A,-0.17,-0.6020031
1xws,Q124E,A,-2.9,-0.20970485
1a0f,A11S,A,-1.8,-0.010879368
1gwy,D8A,A,-1.6,0.22876304
2bjd,D84V,A,-4.493,-2.1835434
2hbb,A9V,A,-1.81,-1.3846241
1gua,A126L,B,-3.405,-2.354396
2hbb,L5F,A,-1.15,-0.9908179
2pr5,I90V,A,-0.7,-0.085078806
1lvm,F45K,A,0.43,0.26871645
3d2a,P137M,A,3.34,0.4229191
3o39,L49Q,A,-0.05,0.16474894
2pr5,E109D,A,0.3,0.37613094
1ba3,D461H,A,-1.745,-0.54177463
2jie,H123W,A,1.06,-0.63668954
2jie,A407N,A,0.464,0.12616281
1fxa,A65F,A,-1.0,-0.5938864
1fxa,I65F,A,-0.9,-0.41118088
2jie,N247I,A,0.974,-1.448174
2pr5,K22H,A,0.3,0.013544083
1lvm,V56L,A,0.0,-0.26382223
1ba3,D489H,A,0.287,-0.1216591
1fxa,W65F,A,-0.6,-0.432358
2pr5,W22H,A,1.2,0.036311477
1fxa,Y65F,A,-0.5,-0.23011205
2jie,C407N,A,0.143,0.98737395
1fxa,A42R,A,-2.4,-0.69198656
1fxa,H42R,A,-1.4,-0.44640562
1o1u,A61N,A,-1.2,-0.15941295
2jie,A328W,A,-1.159,-1.2632318
2jie,A174L,A,-0.79,-0.7458763
2jie,S22Q,A,-0.209,-0.82598984
2jie,A243R,A,-0.166,-0.25726297
1ba3,K489H,A,-0.287,-0.12680265
2jie,C328W,A,-2.664,-0.800941
2wqg,A11V,A,0.4,-0.23162237
2ltb,Q533R,A,-1.1,-0.36331
2jie,R174L,A,0.336,-0.24390635
2rpn,K21V,A,0.39,-0.29837683
2jie,D243R,A,0.213,-1.0679498
1ft8,I267L,A,-0.11,-0.066753
2jie,A224M,A,-4.098,-2.013438
2ptl,A38G,A,-2.08,-0.70364046
2ptl,A35E,A,-0.59,-0.18694058
2ptl,A68K,A,-0.09,-0.22205994
1o6x,V23I,A,0.42,-0.55335295
1osi,I15V,A,-0.78,0.007324964
2jie,A326M,A,-1.298,-1.3160437
2ptl,A33T,A,-1.11,-0.30810556
2jie,K243R,A,-1.463,-0.48837772
2jie,A17S,A,-1.246,-0.016618818
2jie,A166N,A,-3.397,-0.16816118
2jie,C166N,A,-2.964,-0.056483597
1j8i,A25K,A,0.1,-0.19182584
2wqg,A28K,A,-0.6,-0.36399177
2jie,A19S,A,0.951,-0.049485296
4n6v,G36P,0,-1.362,-1.1022292
2jie,A334S,A,-1.454,-0.0002938211
1o1u,A51Q,A,-0.3,-0.3597425
2wqg,A13L,A,-0.5,-1.4173276
2ltb,Q555R,A,-0.36,-0.57261765
1ft8,I293L,A,-0.8,-0.35731074
2vy0,A287D,A,-5.975,-0.30529335
2jie,A223N,A,-0.671,0.30881912
2jie,G223N,A,3.462,-0.14419296
2ptl,A75K,A,-0.45,-0.7521715
2vy0,A53E,A,-6.597,-0.6527822
2ptl,G46E,A,-1.19,-0.43934062
1o6x,V71I,A,-1.31,0.058986202
2ptl,A59G,A,-2.23,-0.47695664
1ft8,V293L,A,-1.41,-0.9797021
2wqg,A16L,A,-1.3,-1.2365841
4n6v,S79P,0,1.745,-0.5988196
2ptl,A39T,A,-1.25,-0.2410517
2wqg,G11V,A,0.1,-0.44874468
1ft8,A315L,A,-1.65,-1.9096229
2wqg,A15D,A,0.3,-0.022651851
2wqg,A24V,A,-0.5,-0.3763806
1j8i,A66K,A,0.1,-0.523407
2wqg,A8L,A,-2.0,-1.1293161
1n88,A57L,A,-1.11,-1.069237
2ptl,A24L,A,-3.12,-1.8174355
2wqg,F5Y,A,-2.4,-0.0717915
2ptl,I46E,A,-1.08,-0.13207957
2ptl,A69G,A,-2.04,-0.6561756
1ft8,I317L,A,-0.85,-0.55360615
4waa,A65K,A,0.1,-0.21029422
2wqg,A12Q,A,-0.6,-0.23268542
4waa,A67K,A,-2.07,-0.32800558
2wqg,A38D,A,0.1,0.36567736
4waa,A27R,A,-0.44,-1.0346311
1pfl,T20A,A,-1.53,-1.0271857
3dv0,A164D,I,-2.3,-0.57136464
3dv0,A167L,I,-1.2,-0.74439096
2ptl,A44T,A,-1.09,-0.089539915
2ptl,A20I,A,-4.9,-1.3049666
2kj3,A288D,A,1.2,-0.78915143
2ptl,A60E,A,-0.23,0.029873997
2wqg,A39D,A,-2.2,-0.2632427
1o6x,A75I,A,-1.31,-0.68455887
2wqg,G12Q,A,-2.0,-0.38726076
1ft8,I348L,A,-0.53,-0.62243736
2ptl,A54L,A,-2.44,-0.6924224
2wqg,N39D,A,-2.6,-0.3196043
1j8i,A23R,A,0.8,-0.033841282
2wqg,A33Q,A,0.1,-0.15394315
2wqg,A34R,A,-0.8,-0.9599291
1ft8,I349L,A,0.05,-0.1534974
2ptl,V20I,A,-0.56,-0.3246844
2wqg,Q40E,A,-0.1,-0.12972715
1pfl,V117G,A,-1.96,-0.5153552
1ft8,L216M,A,0.27,0.1722117
1o6x,A41K,A,-1.98,-0.41852054
2ptl,G53T,A,-0.17,-0.34814897
2ptl,A26F,A,-3.12,-1.4963856
2wqg,A23S,A,-0.6,-0.19847676
4yee,T134V,A,-0.71,-0.63032067
1ft8,A339S,A,0.32,-0.017929822
2wqg,G41E,A,-0.4,-0.31184712
2wqg,A36I,A,-0.9,-0.738822
2wqg,A6S,A,0.1,-0.004062742
1n88,A12V,A,-1.94,-1.0970758
2ptl,A72L,A,-3.77,-2.240453
1ft8,A287V,A,-0.16,-0.723027
1fxa,D94E,A,-1.1,-0.34368512
2ptl,A25I,A,-1.37,-0.99985445
1o6x,V26L,A,-0.97,-0.7994292
1fxa,K94E,A,-0.4,-0.25151786
4yef,V134T,A,-0.93,0.49713618
1fxa,Q94E,A,0.6,-0.110878795
2wqg,V36I,A,-0.3,-0.35656962
1j8i,A35R,A,-0.1,-0.5174273
1pfl,T113M,A,-3.53,-0.778944
5jxb,G329D,A,-1.44,-0.052526385
2ptl,A62T,A,-0.97,-0.40745273
5jxb,P329D,A,-1.44,-0.39615312
2ptl,L26F,A,-0.68,-0.8151374
2wqg,A14K,A,-0.4,0.007855147
2wqg,G6S,A,-0.2,-0.15477636
3dv0,G164D,I,-3.7,-0.75025296
3dv0,V167L,I,-0.2,-0.52045405
2ptl,V25I,A,-0.47,-0.21267858
2ptl,A23N,A,-1.87,0.09157136
2wqg,S9T,A,0.1,-0.0623962
2wqg,G14K,A,-1.9,-0.6813587
5oaq,H429Y,A,-2.99,-1.7438259
2ptl,A71T,A,-1.83,-0.3634964
2kj3,A272E,A,1.9,-0.19649324
1n88,A30V,A,-2.84,-1.0584764
1j8i,A43R,A,0.7,-0.21618363
1o6x,A58N,A,-0.08,-0.15156549
1pfl,L138Q,A,1.82,-0.15827233
2ptl,A36F,A,-4.15,-1.700661
2ptl,A28N,A,-1.78,-0.23931274
2wqg,A10V,A,-0.1,-0.49773648
1fxa,K95E,A,1.0,-0.057974726
2ltb,W555R,A,1.79,-0.45401046
2m5s,A302D,A,-4.0,-0.36374953
2wqg,A19K,A,-0.3,-0.18207267
2zta,Q11E,A,-0.74,-0.3635464
5vp3,K39R,A,0.413,-0.41346464
2ptl,A74I,A,-4.72,-1.2410622
5vp3,G128S,A,-0.378,-0.655828
2ptl,A18V,A,-1.22,-0.26699916
2zta,Q20E,A,0.2,-0.3083457
2m5s,A305H,A,-2.0,-0.81358385
5vp3,T183V,A,0.354,-0.47578815
1o6x,G60Q,A,-0.49,-0.32904032
1j8i,A9R,A,-0.1,-0.15665576
2mpc,T89A,A,-0.24,-0.923929
2ptl,A58N,A,-0.34,-0.17651197
2ptl,L36F,A,-3.12,-0.9135263
2zta,Q22E,A,-1.83,-0.43230286
1pfl,M108T,A,0.07,-0.26577833
1jl9,C25A,A,-1.44,0.058534175
2zta,A15K,A,-0.41,-0.5945239
1n88,A43V,A,-2.82,-1.8658388
2ptl,V74I,A,-1.69,-0.43117872
3dv0,N164D,I,-1.9,-0.5757617
2ptl,A63V,A,-0.92,-0.7253783
2ptl,A73N,A,-1.73,-0.15242657
2mpc,A42R,A,0.62,-0.3654764
1o6x,A12V,A,-1.1,-1.4635073
2zta,A27K,A,-0.91,-0.31374988
2zta,A28K,A,-0.06,-0.27146795
1pre,S159C,A,-2.4,-0.5608181
2ptl,A21K,A,-0.92,-0.64061606
2kj3,A278G,A,-0.8,-0.95926857
1jlv,D64E,A,-1.162,-0.34266964
2ptl,A65V,A,-1.14,-0.51735973
2ptl,G40F,A,-3.08,-1.5594113
2ptl,A30S,A,-0.3,-0.18215299
2mpc,W42R,A,2.08,-0.17098594
2ptl,A37K,A,-0.88,-0.12293565
2n7z,A88P,A,-0.6,-0.77341497
1prg,K460E,A,-0.17,-0.6161516
2nte,V738I,A,-2.0,-0.56263816
1o6x,A52V,A,-1.08,-1.3444535
1jlv,N64E,A,-2.304,-0.6535053
1n88,A49V,A,-2.83,-1.4437728
1prg,L360F,A,-0.4,-0.15771338
3dv0,A141E,I,-0.7,-0.13400248
1prg,L467P,A,0.11,-0.11733669
2ptl,A48Y,A,-2.82,-0.65221834
1prg,P286Q,A,-0.3,-1.4184752
2ptl,G42K,A,0.16,-0.31829473
1o6x,G64V,A,-1.1,-0.52592576
2ptl,L40F,A,-0.38,-0.35678366
2ptl,A45S,A,0.41,-0.09457812
1jlv,Q64E,A,-2.302,-0.27713218
1l6h,A39F,A,-1.697,-1.1918703
1l6h,A45Y,A,-0.55,0.21032795
1prg,H288R,A,0.06,-0.31921974
1l6h,A48Y,A,-1.482,-0.9808731
2kj3,A229K,A,1.5,-0.25876585
1lvm,G106E,A,1.4,0.69408715
1prg,A357R,A,0.19,-0.1702294
1prg,M290V,A,0.03,-0.3450369
1n88,A51V,A,-3.24,-0.9526093
2ptl,L76F,A,-3.34,-1.3751686
2ptl,A50Y,A,-2.46,-0.8761939
2ptl,A55K,A,0.58,-0.13548633
2ptl,G45S,A,-0.82,-0.22596475
2ptl,A70Y,A,-1.66,-0.8378519
2ptl,A56K,A,0.35,-0.19439647
3dv0,A135V,I,-1.5,-0.9241872
1o6x,L73Y,A,-2.78,-1.0707233
1osi,V11I,A,-0.05,-0.43167523
2ptl,V76F,A,-3.73,-1.7389708
2ptl,A19T,A,-1.63,-0.28337696
3dv0,Q141E,I,-0.4,-0.05766782
1osi,F92S,A,0.39,-0.1601251
2ptl,A29G,A,-1.52,-0.51645374
2ptl,A31T,A,-1.17,-0.3498042
2ptl,L70Y,A,0.43,0.2253715
2nte,C658R,A,-2.3,-0.4516224
2ouo,D420A,A,0.44,-0.36708966
2ptl,V29G,A,-2.53,-0.78517866
2pr5,Y33A,A,0.5,-0.073545754
1osi,M126V,A,-2.25,-0.89037144
2zta,A8K,A,-0.39,-0.2894961
2zta,A25R,A,-1.66,-0.33544126
2kj3,A241L,A,1.0,-0.8933091
1n88,A54V,A,-3.73,-1.5133979
3bci,Q96E,A,1.369,-0.07099435
2wqg,G10V,A,-0.7,-0.83348596
2rpn,L7E,A,1.05,0.09135488
1o1u,A99Q,A,0.3,0.030168384
1o1u,A38T,A,-1.2,-0.72735393
1o1u,Y49W,A,-1.2,-0.6472759
1o6x,G31A,A,-1.2,-0.15877166
3dv0,A144V,I,-2.0,-1.3145895
1o6x,G50A,A,-1.4,-1.458756
1o6x,A38D,A,0.36,-0.2815993
1o6x,A14E,A,-0.3,-0.38189295
1o6x,G20E,A,-1.42,0.0044784844
3dv0,A130I,I,-0.7,-0.90423524
1o6x,L39F,A,-1.88,-0.9208832
1o6x,A65F,A,-0.98,-0.6726546
1o6x,A51H,A,-0.61,-0.33361307
2pr5,M81A,A,-0.4,-0.67211246
1n88,A81V,A,-2.82,-1.9120576
2jie,H223N,A,2.583,0.21286537
2jie,R223N,A,3.976,0.75540614
2jie,Y223N,A,5.73,0.4733687
2jie,A296N,A,-2.25,0.46327177
3bci,V153T,A,-1.137,0.5882213
2jie,A403S,A,0.92,0.6277336
2jie,A18T,A,-0.994,0.02536276
2jie,A221T,A,3.189,-0.5137843
2jie,A355T,A,-2.961,-0.5407883
2kj3,A273S,A,1.4,0.4513411
1o6x,V15I,A,-0.43,-0.19935891
3dv0,A149V,I,-2.8,-1.3349367
2jie,H328W,A,-2.573,-0.92408335
2jie,R328W,A,-0.95,-0.94108963
2jie,C402W,A,-0.36,-0.86762786
1n88,A83V,A,-3.1,-1.5231531
2jie,R402W,A,2.615,-0.694015
2jie,Y412W,A,0.599,-0.22297469
3dv0,G130I,I,-1.4,-1.3517406
2jie,A21Y,A,-3.443,-1.3480752
2jie,A297Y,A,1.072,-1.8373768
2jie,F297Y,A,-1.853,-0.29188332
2juc,D57C,A,-2.54,-0.96537995
2juc,S57C,A,-0.71,-0.3026727
2jie,C296N,A,-0.017,0.3897099
1ba3,M489H,A,-0.263,-0.1553877
1bfm,W35M,A,-0.7,-0.6612594
1bfm,Y35M,A,-0.4,-0.93372273
1bnl,A76D,A,-0.821,-0.6670369
1d5g,Y71H,A,-0.04,0.23849532
1d5g,F20I,A,0.91,-1.2669203
1div,A23D,A,-0.46,-0.11374903
1div,N23D,A,-0.58,-0.13225046
1div,N8D,A,-0.3,-0.16472605
1div,A100E,A,-0.98,0.016212344
2jie,F123W,A,2.19,-0.09509203
2kj3,A239V,A,1.0,-1.6756195
3dv0,G149V,I,-4.1,-2.2668552
1n88,A18Y,A,0.06,-1.1268163
2pr5,F111M,A,2.9,-0.40920678
2pr5,F107N,A,0.9,0.53654623
3dv0,V130I,I,-0.2,-0.36549607
2pr5,Y107N,A,0.8,0.6884029
2pr5,F124N,A,1.1,0.57967603
2pr5,Y124N,A,2.6,0.7328751
2pr5,M30T,A,0.5,-0.7819289
2pr5,M50T,A,-0.5,-0.30478516
2pr5,Y54T,A,0.2,0.0061949193
2pr5,I120V,A,1.4,-0.4096891
2pr5,I25V,A,0.4,0.07780513
2juc,A18R,A,-1.75,-0.37279144
3s4m,Y122D,A,-1.3,-0.7020798
3s4m,V130G,A,-2.5,-1.3674086
3s4m,F154I,A,0.096,-1.4834075
3s4m,R155W,A,-0.693,-0.4626247
1n88,A26Y,A,-4.61,-0.3272783
3s92,R395H,A,2.03,-0.5120126
4bjx,V89A,A,0.99,-0.143132
4buq,A137Y,A,0.89,-1.3698485
3dv0,A158V,I,-3.2,-1.3623838
4buq,A48Y,A,-1.435,-1.1584343
1nm1,N187D,A,-0.88,-0.3874139
4he7,D19A,A,-0.24,-0.18604934
4he7,G19A,A,0.06,-0.21910217
4he7,K19A,A,-0.46,-0.18460843
2kj3,A264V,A,1.0,-1.9141009
3dv0,A146I,I,-2.7,-1.5087655
1nm1,Y187D,A,-1.9,-0.3675876
1div,G100E,A,-1.52,-0.34755632
1fxa,A48T,A,0.1,-0.17590913
1g3p,K147A,A,-0.287,-0.081305236
1o1u,A110E,A,-3.3,-0.34467342
1g3p,A160D,A,-0.263,-0.24324045
1g3p,C160D,A,-0.096,-0.03936982
1g3p,E160D,A,-0.359,-0.28256378
1g3p,F160D,A,-0.359,-0.25889733
1g3p,G160D,A,-0.669,-0.18999323
2pr5,L88V,A,-0.2,-0.6103039
3d2a,P163S,A,2.11,0.0009675324
3d3b,A118D,A,-0.65,-0.54850507
3d3b,E118D,A,-0.6,-0.42637768
3d3b,K118D,A,-1.6,-0.68036294
3d3b,N118D,A,-1.34,-0.17907044
3d3b,R118D,A,-1.41,-0.63268065
3dv0,G131A,I,-1.7,-1.6894841
3dv0,F138Y,I,-2.0,-0.31322435
3dv0,G139A,I,-2.3,-1.5942916
3dv0,G165A,I,-0.9,-0.4907072
3dv0,G168A,I,-0.3,-0.28838345
3dv0,A145D,I,-2.1,-0.7706108
3dv0,N145D,I,-0.9,-0.6567304
3dv0,V146I,I,-1.2,-0.76525545
4n6v,W75H,0,0.574,0.02707836
1lvm,F58Q,A,0.6,0.45095727
1lvm,G135S,A,0.0,-0.042524964
1n18,G100E,A,-2.5,-0.6794027
2kj3,A267V,A,0.2,-2.4210222
3fis,A61P,A,-0.5,-0.21759942
3g1g,Y155D,A,0.34,-0.17558691
3g1g,Y167F,A,-0.74,-0.639747
1n18,R85G,A,-1.4,-1.4223231
1n18,R46H,A,1.4,-0.15384468
1n18,I148V,A,0.1,-0.20528427
1n88,A21F,A,-1.39,-1.0020244
1n88,A39I,A,-1.39,-2.0555289
1n88,A80I,A,-2.79,-1.507473
1n88,A89I,A,-2.35,-1.4544973
1n88,V8I,A,-1.52,-0.47664937
1g3p,H160D,A,0.048,-0.23628148
2ptl,G22A,A,-2.43,-1.4494852
2ptl,P27A,A,0.1,-0.58250344
2ptl,V27A,A,-0.83,-0.19401121
2ptl,G34A,A,-2.17,-1.0933478
2ptl,V34A,A,1.47,-0.6502037
2ptl,G43A,A,-2.54,-0.47920778
2ptl,G47A,A,-3.1,-0.8582299
2ptl,G49A,A,-1.32,-0.6727773
3dv0,V163I,I,-0.5,-0.45575443
2ks4,A9D,A,1.26,-0.2719095
2ptl,G51A,A,-3.12,-1.1408321
2ptl,G66A,A,-0.49,0.09121317
2ptl,A52D,A,-1.21,0.03146845
2ptl,G52D,A,-2.14,-0.15066743
3dv0,N162D,I,-2.0,-0.8233988
1a7v,H104A,A,-2.69,-0.22227249
1a7v,H66A,A,-1.98,-0.26418296
1a7v,H91A,A,-1.7,-0.20099977
1a7v,H3D,A,-1.36,-0.51899076
1a7v,H58D,A,-2.05,-0.42017004
1a7v,H73E,A,-3.01,-0.24699965
1a7v,H13K,A,-0.6,-0.26878598
1a7v,H20K,A,-2.88,-0.29337344
1a7v,H31K,A,-1.36,-0.22194144
1a7v,H39K,A,-1.86,-0.2694246
1a7v,H49K,A,-2.02,-0.3746777
1a7v,H84K,A,-2.88,-0.47999945
1n88,A13L,A,-1.52,-1.1178828
3g1g,W185R,A,1.32,-0.81516576
3k82,L334E,A,-3.35,0.16478062
3k82,Q334E,A,-1.68,0.15795386
3k82,R401E,A,5.49,0.13397315
3dv0,A159L,I,-2.0,-0.93718874
2ks4,A2E,A,-0.23,-0.28944603
3l15,H442Y,B,-3.23,-1.5555744
3mon,G39R,B,1.194,-0.76146555
3mon,C3W,B,-2.866,-1.8284278
3o39,I115F,A,-1.81,-1.2719932
2ltb,P558L,A,-1.57,-2.1376896
3o39,L115F,A,-1.64,-0.75988746
3o39,L96H,A,-0.58,0.09397742
3o39,P32L,A,-3.25,-1.0390267
2ptl,A64D,A,-0.2,-0.20630649
1r6r,N88I,A,-0.13,-2.2839792
1r6r,S50L,A,-2.81,-1.019946
2ltb,R569L,A,-3.11,-1.9610677
1r6r,S54L,A,-0.24,-1.015374
1r6r,N81L,A,-6.84,-2.5776837
1spd,S111C,A,0.8,-0.47069278
1spd,A6C,A,0.1,-0.70064986
2ltb,K619M,A,-3.34,-0.38257006
1x0j,N160D,A,-4.1,-0.5240805
1x0j,Y160D,A,-4.02,-0.7612567
1x0j,N161D,A,-2.21,-0.19031677
1x0j,Y161D,A,-3.38,0.2301851
1x0j,K140E,A,-3.48,-0.92289686
1x0j,L100R,A,-5.22,-0.21064398
3dv0,G159L,I,-1.9,-1.5173388
1a7v,H97K,A,-1.97,-0.34582236
1xws,K135E,A,-4.59,-0.3179594
1xws,D142E,A,-3.22,-0.059482247
1xws,H53Y,A,-3.3,-0.965165
1xxn,R181N,A,0.358,-0.37226906
1xxn,D32N,A,-0.86,-0.36558595
1xxn,E54N,A,-0.645,-0.28012654
1xxn,E22S,A,0.239,-0.07462171
1xxn,E27S,A,-0.645,-0.48527542
1xzo,W42F,A,2.87,-0.4897733
1xzo,F101W,A,-2.89,-0.056306303
1xzo,A36W,A,-8.93,-1.363066
1xzo,F36W,A,-4.25,0.17169435
3o39,L100Q,A,-2.0,0.09928274
1g3p,K160D,A,-0.335,-0.29490575
1g3p,L160D,A,-0.55,-0.27370062
1g3p,M160D,A,-0.502,-0.27926716
1g3p,N160D,A,0.072,-0.14816824
1g3p,P160D,A,-0.645,-0.414094
1g3p,Q160D,A,-0.478,-0.38313958
1g3p,R160D,A,-0.669,-0.3230327
1g3p,S160D,A,-0.287,-0.16336176
1g3p,T160D,A,-0.741,-0.16913244
1g3p,V160D,A,-1.123,-0.29569384
3dv0,V159L,I,-0.6,-0.25090095
1g3p,W160D,A,-0.167,-0.17579913
1g3p,Y160D,A,-0.072,-0.22691265
1x0j,H153Y,A,-6.49,-1.1073713
1h0x,A18P,A,-1.936,-0.44241068
1h0x,A62P,A,-2.581,-0.35488358
1hcq,A67C,A,-2.09,-0.410781
1hcq,S67C,A,-1.99,-1.2681104
1ioj,A15G,A,0.4,-0.08382639
1ir3,F1175W,A,0.6,-0.12369165
1itm,T24C,A,-3.3,-1.3527013
1itm,T3C,A,-5.0,-0.77704716
1itm,S91W,A,1.4,-0.48332492
1iv7,C173A,B,0.5,-0.2333568
1iv7,C189F,B,-2.5,-1.6855106
1iv7,C162L,B,-1.9,-1.3544222
2arf,Q1069H,A,-0.717,-0.6722758
2bjd,P84V,A,-4.517,-2.0630023
2bjd,E86Y,A,-2.103,-2.1840208
2c9q,F79Y,A,-0.012,-0.30628338
2c9q,W79Y,A,-1.233,-0.5362607
2clr,F13H,B,0.12,0.17315806
2clr,F31H,B,2.605,0.66716206
2clr,F51H,B,-1.912,0.4032315
2clr,A84H,B,-2.629,-0.70830905
2dvv,H443Q,A,0.89,-0.29517433
2dvv,W419R,A,-0.02,-0.56388295
2h3f,A12E,A,1.07,-0.5916301
2hbb,G22A,A,-0.32,-0.33591595
1g3p,V136F,A,-3.705,-1.1310279
3c2i,E156D,A,0.88,-0.6728387
3c2i,S155F,A,0.43,-1.9727409
3c2i,V100L,A,1.11,-0.98987937
3c2i,R152P,A,1.46,-0.77332306
3c2i,Q106R,A,0.12,-1.062335
3c2i,W106R,A,0.04,-1.0936878
3c2i,G111R,A,-0.43,-1.4813828
3c2i,C133R,A,0.37,-0.09725395
3c2i,H133R,A,0.24,-0.40824744
3c2i,C134S,A,1.05,-0.29215112
3c2i,A158T,A,0.47,-0.54972696
3c2i,M158T,A,0.25,-0.46515396
1iv9,Y76S,A,4.299,0.31768063
2jie,A170C,A,2.997,-0.20727977
2jie,Q170C,A,2.581,-0.5208001
2jie,D157E,A,-2.075,-0.13372108
2jie,A167E,A,4.247,-0.5975704
2jie,A225E,A,-4.36,-0.87696385
2jie,H225E,A,-1.515,-1.1380055
2jie,A409E,A,0.825,-0.5956694
2jie,D409E,A,-0.909,-0.24854723
2jie,S426E,A,0.87,-0.10633865
2jie,A418F,A,-0.165,-1.3682275
2jie,R104H,A,1.536,0.16529332
2hbb,G26A,A,-1.79,-1.6515362
1gua,A62L,B,-3.46,-2.1687388
1gua,A78L,B,-3.803,-1.9848409
1gua,A82L,B,-3.529,-1.9372232
1gua,I82L,B,-1.6,-0.3527136
1gua,V82L,B,-1.7,-1.0102865
1gua,A86L,B,-3.226,-1.7612946
1gua,A91L,B,-1.575,-1.7884309
1gua,A76M,B,-0.961,-0.98083735
1gua,M56N,B,0.271,-0.14850572
1gua,A64N,B,-1.14,-0.05684918
1gua,A63P,B,-1.708,-0.8304093
3d2a,E134M,A,3.02,-0.20050207
1div,L3V,A,-2.21,-1.1558294
1dxx,N18K,A,-3.7,-0.8642101
1ekg,C198L,A,-1.0,-1.1235604
1ekg,C200L,A,-2.0,-1.2237986
1ekg,C203L,A,1.0,-0.79154193
1ekg,F181S,A,-2.6,-1.2652099
1f8i,A345F,A,-0.455,-1.939924
1fh5,N18S,H,0.6,-0.26952413
1frd,R42H,A,4.0,0.0407584
1ft8,V264I,A,-0.64,-0.35007015
1ft8,V212L,A,-1.38,-1.0389051
2jie,E247I,A,1.241,-1.3849962
1g3p,K139N,A,-0.43,-0.8267484
1g3p,V139N,A,-2.032,-0.52670443
1g3p,N137Q,A,-1.793,-0.2406353
1g3p,N145Q,A,0.263,-0.11273149
1g3p,V144R,A,0.765,-0.08714214
1glu,A500C,A,-1.22,-0.4633027
1gua,G118A,B,-1.963,-1.5688624
1gua,L118A,B,-1.951,-0.97954607
1gua,G85A,B,-2.149,-1.4471042
1gua,G97A,B,-0.863,-1.0673141
1gua,A81C,B,0.283,-0.5559484
1gua,I81C,B,-0.912,0.6524767
1gua,A93P,B,-0.082,-0.21759275
2hbb,A24G,A,0.02,-0.25424692
2hbb,A34G,A,-1.02,-1.0784724
2hbb,A18I,A,-2.05,-1.3509059
2hbb,V18I,A,-0.07,-0.24413916
2hbb,A37I,A,-1.28,-1.6864711
2hbb,V37I,A,0.09,-0.35763898
2hbb,V4I,A,-0.59,-0.45643148
2hbb,E10K,A,0.13,-0.14666837
2hbb,M10K,A,0.47,-0.065900415
2hbb,A12K,A,0.61,-0.3253502
2hbb,G12K,A,0.03,-0.9370004
1ft8,I238L,A,-0.35,-0.22124687
2hbb,G39A,A,-1.59,-1.3629701
2hbb,G42A,A,-0.33,-0.32229665
2hbb,G46A,A,-0.55,-0.45288965
2hbb,G49A,A,-0.22,-0.29567984
2hbb,A23D,A,-0.03,-0.36982372
2hbb,N23D,A,-0.79,-0.30421987
2hbb,A8D,A,-1.3,-0.7127552
2hbb,N8D,A,-0.38,-0.42463496
2hbb,A17E,A,-1.69,-0.5748687
2hbb,Q17E,A,-0.33,-0.31078932
2hbb,A38E,A,-0.41,-0.431173
2hbb,Q38E,A,-0.68,-0.3946378
1gua,A95C,B,-0.08,-0.44389793
2hbb,M14K,A,-0.34,-0.18694079
2hbb,G15K,A,-1.74,-0.6221267
2hbb,M15K,A,-0.44,-0.0026775897
2hbb,M7K,A,0.21,-0.019138157
2hbb,A30L,A,-2.76,-1.380261
2hbb,A35L,A,-1.21,-1.0082277
2hbb,A44L,A,-1.73,-1.1634061
2hbb,A47L,A,-0.84,-0.6641123
2hbb,A6L,A,-3.1,-1.1991305
2hbb,A1M,A,-1.46,-0.7122929
2hbb,S40T,A,-0.8,-0.22272739
2hbb,M12K,A,1.8,0.23386297
1gua,A100R,B,-0.693,-0.91738355
1gua,A59R,B,0.178,-0.8283019
1gua,L89R,B,1.078,-0.51489496
1gua,A77S,B,-1.573,-0.9084716
1gua,T77S,B,0.581,-0.34596732
1gua,A68T,B,-0.109,-0.36831453
1gua,A128V,B,-3.368,-2.0658028
1gua,A60V,B,-2.251,-1.8623714
1gua,A69V,B,-1.116,-1.2880228
1gua,A70V,B,-1.77,-1.7929118
1gua,A72V,B,-1.052,-1.2853731
1gua,I72V,B,-0.864,0.0027008355
2hbb,Q48E,A,0.07,-0.09879026
1gua,L96C,B,-0.043,0.6014966
1gua,M96C,B,-0.337,0.40673345
1gua,A117D,B,-0.706,-0.30042377
1gua,A129D,B,-0.855,-0.42620477
1gua,A80D,B,-0.493,-0.6075336
1gua,A104E,B,0.021,-0.18608534
1gua,A124E,B,-0.101,-0.12658995
1gua,A125E,B,-0.591,-0.3672718
1gua,A58I,B,-3.274,-2.2505643
1gua,F58I,B,-1.299,-1.031122
1gua,L58I,B,-0.771,-0.44932196
1gua,A109K,B,-0.327,-0.25866488
2hbb,A21V,A,-2.33,-1.4185816
1div,V6L,A,-0.41,-0.35576907
1div,A72L,A,-3.77,-1.7952282
1div,A1M,A,-1.46,-0.3812355
1div,G1M,A,-2.36,-0.5913328
1div,A129V,A,-1.81,-1.5691438
1div,A131V,A,-1.93,-1.9211106
1div,A137V,A,-2.41,-0.93694377
1div,A143V,A,-3.25,-1.8568842
1div,A145V,A,-1.92,-2.0661666
1div,A21V,A,-2.33,-1.0636542
1div,I21V,A,-0.4,-0.19071612
1gua,A98V,B,-1.981,-2.3164885
1div,Q106H,A,-1.53,-0.7597964
1div,Q134H,A,-0.34,-0.37596688
1div,Q144H,A,-0.56,-0.40088657
1div,A115I,A,-3.52,-2.0949223
1div,A121I,A,-2.88,-1.8543303
1div,A4I,A,-2.22,-1.9516413
1div,V4I,A,-0.59,-0.41029397
1div,A79I,A,-3.49,-1.8179545
1div,A93I,A,-3.19,-1.7140028
1gua,A112L,B,-2.593,-1.6881777
1div,M15K,A,-0.31,-0.10296589
1div,M7K,A,0.35,0.07250649
1div,A96K,A,0.61,-0.20758143
1div,G96K,A,-0.2,-0.52472186
1div,A102L,A,-2.37,-1.9749739
1div,A108L,A,-2.33,-0.9971124
1div,A110L,A,-3.21,-1.4598442
1div,A117L,A,-0.82,-1.4267275
1div,A133L,A,-2.94,-1.6748302
1div,A141L,A,-3.56,-1.9871805
1div,A30L,A,-2.76,-1.600889
1div,L21V,A,-1.23,-0.45190683
1div,A98I,A,-4.28,-1.9772074
1div,V30L,A,-3.62,-0.9627961
